checklist-AOR.pdf;XY7
checklist-AQ.pdf;ECARD2
checklist-AR.pdf;PL4
checklist-ASC.pdf;ME02.5
checklist-ASR.pdf;SWSH10
checklist-BCR.pdf;BW7
checklist-BKP.pdf;XY9
checklist-BKT.pdf;XY8
checklist-BLK.pdf;SV10.5B
checklist-BLW.pdf;BW1
checklist-BRS.pdf;SWSH9
checklist-BS.pdf;BASE1
checklist-CEL.pdf;CEL25
checklist-CG.pdf;EX14
checklist-CL.pdf;COL1
checklist-CRE.pdf;SWSH6
checklist-CRI.pdf;ME04
checklist-CRZ.pdf;SWSH12.5
checklist-DCR.pdf;DC1
checklist-DEX.pdf;BW5
checklist-DF.pdf;EX15
checklist-DP.pdf;DP1
checklist-DPK.pdf;DET1
checklist-DR.pdf;EX3
checklist-DRI.pdf;SV10
checklist-DRV.pdf;DV1
checklist-DRX.pdf;BW6
checklist-DS.pdf;EX11
checklist-DX.pdf;EX8
checklist-EM.pdf;EX9
checklist-EPO.pdf;BW2
checklist-EVO.pdf;XY12
checklist-EVS.pdf;SWSH7
checklist-EX.pdf;ECARD1
checklist-FAC.pdf;XY10
checklist-FFI.pdf;XY3
checklist-FLF.pdf;XY2
checklist-FO.pdf;BASE3
checklist-FST.pdf;SWSH8
checklist-GE.pdf;DP4
checklist-GNR.pdf;G1
checklist-HGSS.pdf;HGSS1
checklist-HL.pdf;EX5
checklist-HP.pdf;EX13
checklist-JTG.pdf;SV09
checklist-JU.pdf;BASE2
checklist-JUMBO.pdf;JUMBO
checklist-KSS.pdf;XY0
checklist-LA.pdf;DP6
checklist-LM.pdf;EX12
checklist-LOR.pdf;SWSH11
checklist-M23.pdf;2023SV
checklist-M24.pdf;2024SV
checklist-MC1.pdf;2011BW
checklist-MC10US.pdf;2021SWSH
checklist-MC11US.pdf;2022SWSH
checklist-MC2.pdf;2012BW
checklist-MC3.pdf;2013BW
checklist-MC4.pdf;2014XY
checklist-MC5.pdf;2015XY
checklist-MC6.pdf;2016XY
checklist-MC7.pdf;2017SM
checklist-MC8.pdf;2018SM-FR
checklist-MC9.pdf;2019SM-FR
checklist-MD.pdf;DP5
checklist-MEE.pdf;MEE
checklist-MEG.pdf;ME01
checklist-MEP.pdf;MEP
checklist-MEW.pdf;SV03.5
checklist-MT.pdf;DP2
checklist-N4.pdf;NEO4
checklist-ND.pdf;NEO2
checklist-NG.pdf;NEO1
checklist-NR.pdf;NEO3
checklist-NVI.pdf;BW3
checklist-NXD.pdf;BW4
checklist-OBF.pdf;SV03
checklist-PAF.pdf;SV04.5
checklist-PAL.pdf;SV02
checklist-PAR.pdf;SV04
checklist-PBL.pdf;ME05
checklist-PFL.pdf;ME02
checklist-PGO.pdf;SWSH10.5
checklist-PHF.pdf;XY4
checklist-PK.pdf;EX16
checklist-PLB.pdf;BW10
checklist-PLF.pdf;BW9
checklist-PLS.pdf;BW8
checklist-POP1.pdf;POP1
checklist-POP2.pdf;POP2
checklist-POP3.pdf;POP3
checklist-POP4.pdf;POP4
checklist-POP7.pdf;POP7
checklist-POP9.pdf;POP9
checklist-POR.pdf;ME03
checklist-PRBW.pdf;BWP
checklist-PRC.pdf;XY5
checklist-PRDP.pdf;DPP
checklist-PRE.pdf;SV08.5
checklist-PRHS.pdf;HGSSP
checklist-PRNI.pdf;NP
checklist-PRSM.pdf;SMP
checklist-PRSWSH.pdf;SWSHP
checklist-PRWC.pdf;BASEP
checklist-PRXY.pdf;XYP
checklist-PT.pdf;PL1
checklist-RFVF.pdf;EX6
checklist-ROS.pdf;XY6
checklist-RR.pdf;PL2
checklist-RS.pdf;EX1
checklist-SCR.pdf;SV07
checklist-SF.pdf;DP7
checklist-SFA.pdf;SV06.5
checklist-SIT.pdf;SWSH12
checklist-SK.pdf;ECARD3
checklist-SLE.pdf;SM3.5
checklist-SM01.pdf;SM1
checklist-SM02.pdf;SM2
checklist-SM03.pdf;SM3
checklist-SM04.pdf;SM4
checklist-SM05.pdf;SM5
checklist-SM06.pdf;SM6
checklist-SM07.pdf;SM7
checklist-SM08.pdf;SM8
checklist-SM09.pdf;SM9
checklist-SM10.pdf;SM10
checklist-SM11.pdf;SM11
checklist-SM115.pdf;SM115
checklist-SM12.pdf;SM12
checklist-SM75.pdf;SM7.5
checklist-SS.pdf;EX2
checklist-SSP.pdf;SV08
checklist-STS.pdf;XY11
checklist-SV.pdf;PL3
checklist-SVE.pdf;SVE
checklist-SVI.pdf;SV01
checklist-SVP.pdf;SVP
checklist-SW.pdf;DP3
checklist-SWSH1.pdf;SWSH1
checklist-SWSH2.pdf;SWSH2
checklist-SWSH3.pdf;SWSH3
checklist-SWSH35.pdf;SWSH3.5
checklist-SWSH4.pdf;SWSH4
checklist-SWSH45.pdf;SWSH4.5
checklist-SWSH5.pdf;SWSH5
checklist-TEF.pdf;SV05
checklist-TK1-LA.pdf;TK-EX-LATIA
checklist-TK1-LO.pdf;TK-EX-LATIO
checklist-TK10-L.pdf;TK-SM-L
checklist-TK10-R.pdf;TK-SM-R
checklist-TK2-N.pdf;TK-EX-M
checklist-TK2-P.pdf;TK-EX-P
checklist-TK3-L.pdf;TK-DP-L
checklist-TK3-M.pdf;TK-DP-M
checklist-TK4-L.pdf;TK-HS-G
checklist-TK4-R.pdf;TK-HS-R
checklist-TK5-M.pdf;TK-BW-E
checklist-TK5-Z.pdf;TK-BW-Z
checklist-TK6-B.pdf;TK-XY-N
checklist-TK6-N.pdf;TK-XY-SY
checklist-TK7-G.pdf;TK-XY-W
checklist-TK7-S.pdf;TK-XY-B
checklist-TK8-LA.pdf;TK-XY-LATIA
checklist-TK8-LO.pdf;TK-XY-LATIO
checklist-TK9-P.pdf;TK-XY-P
checklist-TK9-S.pdf;TK-XY-SU
checklist-TM.pdf;HGSS4
checklist-TMTA.pdf;EX4
checklist-TR.pdf;BASE5
checklist-TRR.pdf;EX7
checklist-TWM.pdf;SV06
checklist-UD.pdf;HGSS3
checklist-UF.pdf;EX10
checklist-UL.pdf;HGSS2
checklist-WHT.pdf;SV10.5W
checklist-XY.pdf;XY1
